City_ID,City,Lat,Lng,Max Temp,Humidity,Cloudiness,Wind Speed,Country,Date
0,sentyabrskiy,-16.5048,-68.1624,6.18,93,75,3.09,BO,"Feb 07, 2023, Tue, 23:00"
1,el alto,-23.123,-134.968,26.34,73,67,3.78,PF,"Feb 07, 2023, Tue, 23:00"
2,rikitea,-20.7724,117.1458,34.47,43,54,6.84,AU,"Feb 07, 2023, Tue, 23:00"
3,roebourne,1.7505,40.0595,24.97,73,20,4.12,KE,"Feb 07, 2023, Tue, 23:00"
4,wajir,-14.4646,132.2636,36.17,44,40,2.06,AU,"Feb 07, 2023, Tue, 23:00"
5,katherine,68.537,146.1873,-43.31,100,70,1.29,RU,"Feb 07, 2023, Tue, 23:00"
6,belaya gora,50.2569,58.4353,-18.11,100,100,5.32,KZ,"Feb 07, 2023, Tue, 23:00"
7,khromtau,40.3278,-91.2001,2.73,73,71,2.64,US,"Feb 07, 2023, Tue, 23:00"
8,basco,55.3431,-131.6467,3.26,87,100,3.09,US,"Feb 07, 2023, Tue, 23:00"
9,ketchikan,71.2925,-156.7876,-19.99,77,100,3.09,US,"Feb 07, 2023, Tue, 23:00"
10,barrow,-45.4145,167.7175,11.26,66,47,3.46,NZ,"Feb 07, 2023, Tue, 23:00"
11,te anau,32.5322,20.5722,11.19,67,95,2.77,LY,"Feb 07, 2023, Tue, 23:00"
12,tukrah,50.6758,-120.3394,5.84,56,75,2.06,CA,"Feb 07, 2023, Tue, 23:00"
13,kamloops,-22.9663,-42.0244,23.47,92,100,1.14,BR,"Feb 07, 2023, Tue, 23:00"
14,arraial do cabo,73.5084,80.5124,-19.18,88,100,10.11,RU,"Feb 07, 2023, Tue, 23:00"
15,dikson,-33.929,18.4174,21.5,72,20,5.81,ZA,"Feb 07, 2023, Tue, 23:00"
16,cape town,-24.8826,113.6576,30.32,52,4,7.87,AU,"Feb 07, 2023, Tue, 23:00"
17,carnarvon,51.5788,116.646,-10.04,71,24,1.3,RU,"Feb 07, 2023, Tue, 23:00"
18,baley,5.3296,103.1383,29.96,74,40,5.14,MY,"Feb 07, 2023, Tue, 23:00"
19,kuala terengganu,46.2239,-63.2577,-6.73,79,75,7.15,CA,"Feb 07, 2023, Tue, 23:00"
20,clyde river,36.5,75.5,-21.61,55,1,1.34,PK,"Feb 07, 2023, Tue, 23:00"
21,hunza,-34.4175,19.2361,21.58,76,0,7.0,ZA,"Feb 07, 2023, Tue, 23:00"
22,hermanus,-34.5331,20.0428,21.14,67,4,5.83,ZA,"Feb 07, 2023, Tue, 23:00"
23,bredasdorp,36.2653,2.767,4.32,67,92,1.69,DZ,"Feb 07, 2023, Tue, 23:00"
24,medea,-7.9605,-79.238,22.1,88,75,3.6,PE,"Feb 07, 2023, Tue, 23:00"
25,santiago de cao,-20.4111,57.7061,29.08,74,75,6.69,MU,"Feb 07, 2023, Tue, 23:00"
26,mahebourg,11.0001,122.6718,28.23,66,100,7.25,PH,"Feb 07, 2023, Tue, 23:00"
27,dingle,-6.9882,106.5504,28.79,69,100,4.27,ID,"Feb 07, 2023, Tue, 23:00"
28,palabuhanratu,-53.1626,-70.9078,12.16,76,0,5.14,CL,"Feb 07, 2023, Tue, 23:00"
29,punta arenas,-22.8222,-43.3407,25.53,94,75,2.57,BR,"Feb 07, 2023, Tue, 23:00"
30,acari,26.6817,-105.4567,10.06,21,100,2.76,MX,"Feb 07, 2023, Tue, 23:00"
31,santa rosalia,-46.5988,168.3434,9.96,63,63,12.0,NZ,"Feb 07, 2023, Tue, 23:00"
32,bluff,-42.8825,147.3281,20.12,62,40,6.69,AU,"Feb 07, 2023, Tue, 23:00"
33,hobart,-46.19,168.86,9.71,81,61,5.07,NZ,"Feb 07, 2023, Tue, 23:00"
34,mataura,45.3266,-75.8386,4.08,81,100,5.44,CA,"Feb 07, 2023, Tue, 23:00"
35,college,1.9538,34.9458,25.33,35,10,2.13,UG,"Feb 07, 2023, Tue, 23:00"
36,amudat,64.7317,177.5061,-33.07,74,0,4.0,RU,"Feb 07, 2023, Tue, 23:00"
37,anadyr,-54.8061,-68.3185,13.83,58,40,5.14,AR,"Feb 07, 2023, Tue, 23:00"
38,ushuaia,27.9695,-97.7732,22.06,94,87,4.73,US,"Feb 07, 2023, Tue, 23:00"
39,san patricio,22.8939,-109.9201,20.17,53,89,0.89,MX,"Feb 07, 2023, Tue, 23:00"
40,cabo san lucas,-17.7297,-39.266,23.77,87,52,2.54,BR,"Feb 07, 2023, Tue, 23:00"
41,caravelas,65.6153,-37.6378,-16.72,49,0,7.24,GL,"Feb 07, 2023, Tue, 23:00"
42,tasiilaq,72.7847,-56.147,-30.73,94,45,1.81,GL,"Feb 07, 2023, Tue, 23:00"
43,upernavik,-28.7704,114.6147,31.09,45,0,7.72,AU,"Feb 07, 2023, Tue, 23:00"
44,geraldton,62.4541,-114.3774,-19.88,77,100,3.09,CA,"Feb 07, 2023, Tue, 23:00"
45,yellowknife,71.9819,102.4715,-42.71,100,62,1.59,RU,"Feb 07, 2023, Tue, 23:00"
46,khatanga,-4.5087,38.083,26.02,71,72,1.59,TZ,"Feb 07, 2023, Tue, 23:00"
47,mgandu,-46.1323,167.6908,10.21,81,70,6.45,NZ,"Feb 07, 2023, Tue, 23:00"
48,tuatapere,18.622,-100.3485,19.25,42,0,1.74,MX,"Feb 07, 2023, Tue, 23:00"
49,coahuayana,14.7335,0.9195,22.12,16,81,4.6,NE,"Feb 07, 2023, Tue, 23:00"
50,ayorou,18.2353,-72.5375,24.01,72,0,2.07,HT,"Feb 07, 2023, Tue, 23:00"
51,jacmel,8.4859,123.8078,27.76,70,64,2.68,PH,"Feb 07, 2023, Tue, 23:00"
52,oroquieta,59.3644,143.2411,-24.41,85,66,4.26,RU,"Feb 07, 2023, Tue, 23:00"
53,okhotsk,7.7757,-72.2214,19.93,79,15,0.78,VE,"Feb 07, 2023, Tue, 23:00"
54,san cristobal,-19.0534,-169.9192,27.28,78,100,2.57,NU,"Feb 07, 2023, Tue, 23:00"
55,alofi,42.28,118.9426,0.57,16,38,2.55,CN,"Feb 07, 2023, Tue, 23:00"
56,chifeng,-33.8614,121.8913,22.03,66,52,6.71,AU,"Feb 07, 2023, Tue, 23:00"
57,lolua,58.9396,25.9708,0.22,92,100,4.94,EE,"Feb 07, 2023, Tue, 23:00"
58,vao,2.4955,-68.2705,21.81,98,73,0.69,CO,"Feb 07, 2023, Tue, 23:00"
59,belushya guba,54.1748,103.0282,-11.99,92,100,1.57,RU,"Feb 07, 2023, Tue, 23:00"
60,puerto colombia,54.3649,77.3085,-15.56,93,100,1.67,RU,"Feb 07, 2023, Tue, 23:00"
61,ust-uda,-9.106,124.8881,27.73,73,59,2.53,ID,"Feb 07, 2023, Tue, 23:00"
62,kupino,-33.6445,115.3489,28.69,44,0,4.73,AU,"Feb 07, 2023, Tue, 23:00"
63,atambua,62.6478,135.5751,-36.75,96,99,0.38,RU,"Feb 07, 2023, Tue, 23:00"
64,busselton,54.1291,79.2367,-16.14,94,97,2.31,RU,"Feb 07, 2023, Tue, 23:00"
65,tabiauea,77.4686,-69.2223,-32.57,69,9,2.65,GL,"Feb 07, 2023, Tue, 23:00"
66,khandyga,-2.033,147.2789,25.89,89,100,6.33,PG,"Feb 07, 2023, Tue, 23:00"
67,leningradskiy,-2.5735,150.7952,28.28,75,98,3.6,PG,"Feb 07, 2023, Tue, 23:00"
68,qaanaaq,4.1237,43.8916,25.58,52,1,9.39,SO,"Feb 07, 2023, Tue, 23:00"
69,lorengau,60.7922,-161.7558,-21.81,84,0,3.09,US,"Feb 07, 2023, Tue, 23:00"
70,kavieng,10.3486,107.0765,27.44,73,14,7.18,VN,"Feb 07, 2023, Tue, 23:00"
71,xuddur,35.8418,14.5448,10.45,76,100,8.23,MT,"Feb 07, 2023, Tue, 23:00"
72,bethel,53.278,92.3961,-5.52,80,100,1.52,RU,"Feb 07, 2023, Tue, 23:00"
73,vung tau,20.4152,104.0474,29.19,32,19,2.45,LA,"Feb 07, 2023, Tue, 23:00"
74,marsaxlokk,49.906,-109.4792,2.21,69,99,3.09,CA,"Feb 07, 2023, Tue, 23:00"
75,yermakovskoye,69.7028,170.2747,-29.69,98,100,1.8,RU,"Feb 07, 2023, Tue, 23:00"
76,xam nua,-21.1926,-175.1773,26.16,94,75,2.57,TO,"Feb 07, 2023, Tue, 23:00"
77,maple creek,70.4851,-21.9642,-21.28,56,49,4.24,GL,"Feb 07, 2023, Tue, 23:00"
78,pevek,-34.481,-54.3366,20.24,80,52,3.32,UY,"Feb 07, 2023, Tue, 23:00"
79,vaini,22.0747,-159.3192,24.18,87,100,7.72,US,"Feb 07, 2023, Tue, 23:00"
80,illoqqortoormiut,44.898,1.4694,1.17,85,0,0.82,FR,"Feb 07, 2023, Tue, 23:00"
81,rocha,64.4237,-173.2274,-20.69,71,100,3.0,RU,"Feb 07, 2023, Tue, 23:00"
82,kapaa,37.7197,20.831,-1.64,58,95,3.84,GR,"Feb 07, 2023, Tue, 23:00"
83,souillac,-15.9277,-5.7161,22.54,72,24,6.92,SH,"Feb 07, 2023, Tue, 23:00"
84,provideniya,-33.0192,27.8999,20.64,94,100,6.17,ZA,"Feb 07, 2023, Tue, 23:00"
85,lithakia,-42.7802,147.0615,20.08,42,8,1.79,AU,"Feb 07, 2023, Tue, 23:00"
86,jamestown,69.444,-133.0319,-30.0,76,100,2.06,CA,"Feb 07, 2023, Tue, 23:00"
87,east london,-20.2907,57.7852,29.16,74,75,6.69,MU,"Feb 07, 2023, Tue, 23:00"
88,new norfolk,48.7859,3.0292,-1.03,91,57,3.05,FR,"Feb 07, 2023, Tue, 23:00"
89,tuktoyaktuk,-9.6522,120.2637,29.36,74,72,5.08,ID,"Feb 07, 2023, Tue, 23:00"
90,grand river south east,78.2232,15.6464,-3.85,74,40,6.69,SJ,"Feb 07, 2023, Tue, 23:00"
91,saint-augustin,44.3684,-100.3511,2.93,81,0,3.6,US,"Feb 07, 2023, Tue, 23:00"
92,waingapu,57.79,-152.4072,-5.27,63,0,6.69,US,"Feb 07, 2023, Tue, 23:00"
93,longyearbyen,51.5082,-2.3937,1.62,93,10,0.45,GB,"Feb 07, 2023, Tue, 23:00"
94,pierre,43.4198,87.3195,-4.6,49,50,0.46,CN,"Feb 07, 2023, Tue, 23:00"
95,kodiak,57.0525,-135.3376,1.9,80,100,1.54,US,"Feb 07, 2023, Tue, 23:00"
96,codrington,11.805,10.5302,17.38,27,77,4.25,NG,"Feb 07, 2023, Tue, 23:00"
97,taolanaro,-19.4488,-44.7479,19.44,91,89,0.73,BR,"Feb 07, 2023, Tue, 23:00"
98,urumqi,69.7522,61.6623,0.25,78,100,12.39,RU,"Feb 07, 2023, Tue, 23:00"
99,sitka,7.0073,39.9694,13.83,42,2,1.95,ET,"Feb 07, 2023, Tue, 23:00"
100,raga,-9.8037,-139.0426,26.54,75,21,8.12,PF,"Feb 07, 2023, Tue, 23:00"
101,papagaios,56.0912,99.6337,-6.8,90,100,1.57,RU,"Feb 07, 2023, Tue, 23:00"
102,amderma,49.5345,-1.5298,0.31,86,0,1.54,FR,"Feb 07, 2023, Tue, 23:00"
103,goba,-41.8682,-73.8287,13.01,94,1,1.31,CL,"Feb 07, 2023, Tue, 23:00"
104,cherskiy,50.7244,-127.4976,2.99,100,100,0.0,CA,"Feb 07, 2023, Tue, 23:00"
105,atuona,-20.2095,57.7706,29.01,75,62,6.96,MU,"Feb 07, 2023, Tue, 23:00"
106,chunskiy,-14.9012,50.281,27.3,74,70,2.42,MG,"Feb 07, 2023, Tue, 23:00"
107,saint-joseph,-2.2675,40.9011,27.13,77,49,4.62,KE,"Feb 07, 2023, Tue, 23:00"
108,ancud,45.803,10.0671,1.87,51,37,1.34,IT,"Feb 07, 2023, Tue, 23:00"
109,port hardy,46.7464,-1.7985,0.06,87,4,3.99,FR,"Feb 07, 2023, Tue, 23:00"
110,quatre cocos,52.3472,-114.1766,-3.29,88,100,1.89,CA,"Feb 07, 2023, Tue, 23:00"
111,antalaha,20.225,-97.5931,19.35,79,1,1.39,MX,"Feb 07, 2023, Tue, 23:00"
112,lamu,46.4389,26.4008,-6.51,95,99,2.62,RO,"Feb 07, 2023, Tue, 23:00"
113,castro,-33.5982,26.8915,21.14,84,100,1.79,ZA,"Feb 07, 2023, Tue, 23:00"
114,dolbeau,1.7959,73.3876,27.14,73,35,2.99,MV,"Feb 07, 2023, Tue, 23:00"
115,half moon bay,50.6683,156.1154,-4.95,74,34,5.56,RU,"Feb 07, 2023, Tue, 23:00"
116,lazaro cardenas,-45.8741,170.5036,15.16,51,53,7.98,NZ,"Feb 07, 2023, Tue, 23:00"
117,asau,44.0777,-93.5076,-1.79,82,0,3.6,US,"Feb 07, 2023, Tue, 23:00"
118,port alfred,-46.2817,169.8464,13.11,60,24,7.04,NZ,"Feb 07, 2023, Tue, 23:00"
119,hithadhoo,34.3287,73.1993,13.11,31,84,1.48,PK,"Feb 07, 2023, Tue, 23:00"
120,severo-kurilsk,3.1166,35.6,31.05,29,4,4.19,KE,"Feb 07, 2023, Tue, 23:00"
121,dunedin,6.1249,81.1243,30.18,70,20,6.69,LK,"Feb 07, 2023, Tue, 23:00"
122,waseca,15.4334,119.91,28.69,68,100,2.28,PH,"Feb 07, 2023, Tue, 23:00"
123,kaitangata,-21.2075,-159.7708,26.99,83,58,3.6,CK,"Feb 07, 2023, Tue, 23:00"
124,mansehra,64.5634,39.8238,1.06,93,93,3.64,RU,"Feb 07, 2023, Tue, 23:00"
125,lodwar,42.5006,-90.6648,-1.05,76,0,4.47,US,"Feb 07, 2023, Tue, 23:00"
126,hambantota,52.9244,-82.427,-19.0,78,0,6.69,CA,"Feb 07, 2023, Tue, 23:00"
127,palauig,51.0991,66.3139,-14.92,96,96,4.38,KZ,"Feb 07, 2023, Tue, 23:00"
128,macaboboni,20.8894,-156.4727,23.77,80,40,8.75,US,"Feb 07, 2023, Tue, 23:00"
129,avarua,42.6512,-73.755,4.36,80,100,5.66,US,"Feb 07, 2023, Tue, 23:00"
130,severodvinsk,37.8225,-25.5195,12.19,87,40,2.57,PT,"Feb 07, 2023, Tue, 23:00"
131,dubuque,-35.3622,150.4752,20.54,75,99,0.94,AU,"Feb 07, 2023, Tue, 23:00"
132,attawapiskat,60.9127,-46.0453,-18.86,67,32,4.58,GL,"Feb 07, 2023, Tue, 23:00"
133,derzhavinsk,-32.7218,152.1441,26.93,69,34,7.6,AU,"Feb 07, 2023, Tue, 23:00"
134,kahului,19.7074,-155.0816,23.44,91,100,1.54,US,"Feb 07, 2023, Tue, 23:00"
135,albany,65.5336,72.5114,-15.21,84,100,9.21,RU,"Feb 07, 2023, Tue, 23:00"
136,ribeira grande,-20.0086,57.6644,29.1,72,37,4.02,MU,"Feb 07, 2023, Tue, 23:00"
137,ulladulla,36.6226,-121.918,10.92,92,0,4.12,US,"Feb 07, 2023, Tue, 23:00"
138,narsaq,12.0535,-61.7518,24.36,80,92,5.96,GD,"Feb 07, 2023, Tue, 23:00"
139,nelson bay,59.6518,67.4118,-19.37,98,99,3.31,RU,"Feb 07, 2023, Tue, 23:00"
140,hilo,65.8566,74.4948,-17.13,89,91,7.47,RU,"Feb 07, 2023, Tue, 23:00"
141,nadym,31.5791,-90.4407,17.36,98,100,3.1,US,"Feb 07, 2023, Tue, 23:00"
142,grand gaube,27.8984,102.2628,17.97,30,1,2.25,CN,"Feb 07, 2023, Tue, 23:00"
143,pacific grove,55.7433,-97.8635,-17.9,85,100,1.03,CA,"Feb 07, 2023, Tue, 23:00"
144,saint george,63.7499,-68.5213,-32.03,68,100,1.03,CA,"Feb 07, 2023, Tue, 23:00"
145,kondinskoye,48.4283,-123.365,6.96,84,75,8.23,CA,"Feb 07, 2023, Tue, 23:00"
146,pangody,57.8406,108.3492,-12.1,92,100,2.27,RU,"Feb 07, 2023, Tue, 23:00"
147,brookhaven,15.5636,32.5349,15.57,25,17,1.34,SD,"Feb 07, 2023, Tue, 23:00"
148,xichang,9.3071,13.3935,21.37,22,48,0.92,CM,"Feb 07, 2023, Tue, 23:00"
149,thompson,37.6138,-122.4869,11.96,82,20,2.57,US,"Feb 07, 2023, Tue, 23:00"
150,iqaluit,30.4707,-8.8779,8.01,86,27,2.15,MA,"Feb 07, 2023, Tue, 23:00"
151,victoria,14.2108,24.6496,12.13,27,15,5.68,SD,"Feb 07, 2023, Tue, 23:00"
152,alekseyevsk,60.5544,-151.2583,-3.95,80,100,6.69,US,"Feb 07, 2023, Tue, 23:00"
153,khartoum,-20.3472,57.7647,29.18,74,75,6.69,MU,"Feb 07, 2023, Tue, 23:00"
154,garoua,14.1951,43.3152,24.39,73,79,2.51,YE,"Feb 07, 2023, Tue, 23:00"
155,pacifica,41.8447,60.3899,3.04,51,100,6.85,UZ,"Feb 07, 2023, Tue, 23:00"
156,tarudant,-33.6938,-53.4561,20.01,88,11,2.76,BR,"Feb 07, 2023, Tue, 23:00"
157,kutum,-24.8653,152.3517,29.5,60,44,3.13,AU,"Feb 07, 2023, Tue, 23:00"
158,kenai,34.4964,-118.3256,13.53,40,58,3.44,US,"Feb 07, 2023, Tue, 23:00"
159,bambous virieux,68.3762,17.5963,6.08,83,99,6.62,NO,"Feb 07, 2023, Tue, 23:00"
160,zabid,-0.7472,-90.3134,26.22,92,31,2.24,EC,"Feb 07, 2023, Tue, 23:00"
161,gurlan,35.1522,140.3207,9.11,76,99,7.9,JP,"Feb 07, 2023, Tue, 23:00"
162,chuy,65.2824,-126.8327,-26.98,76,40,1.03,CA,"Feb 07, 2023, Tue, 23:00"
163,bundaberg,61.8986,5.7913,8.41,57,75,5.14,NO,"Feb 07, 2023, Tue, 23:00"
164,agua dulce,44.7529,-108.759,4.33,74,0,4.63,US,"Feb 07, 2023, Tue, 23:00"
165,beisfjord,31.8638,10.9828,12.21,69,100,7.11,LY,"Feb 07, 2023, Tue, 23:00"
166,puerto ayora,-33.9617,25.6208,20.64,94,75,3.6,ZA,"Feb 07, 2023, Tue, 23:00"
167,katsuura,-12.7406,-60.1458,19.49,98,63,0.59,BR,"Feb 07, 2023, Tue, 23:00"
168,norman wells,-13.9974,-171.4289,28.06,76,49,5.82,WS,"Feb 07, 2023, Tue, 23:00"
169,sorland,-17.8775,36.8902,25.97,89,40,1.03,MZ,"Feb 07, 2023, Tue, 23:00"
170,powell,50.1425,48.5684,-12.06,89,6,5.93,RU,"Feb 07, 2023, Tue, 23:00"
171,nalut,45.3584,-73.479,3.32,90,100,5.66,CA,"Feb 07, 2023, Tue, 23:00"
172,port elizabeth,33.7495,-117.8732,16.47,49,0,2.06,US,"Feb 07, 2023, Tue, 23:00"
173,vilhena,8.2037,-59.7849,21.15,99,30,0.94,GY,"Feb 07, 2023, Tue, 23:00"
174,samusu,-32.9978,17.9456,19.15,76,0,3.92,ZA,"Feb 07, 2023, Tue, 23:00"
175,quelimane,-23.6464,-70.398,20.66,84,84,2.09,CL,"Feb 07, 2023, Tue, 23:00"
176,aleksandrov gay,-20.3112,118.5801,35.02,46,52,6.69,AU,"Feb 07, 2023, Tue, 23:00"
177,saint-philippe,32.4676,14.5656,11.72,72,91,9.16,LY,"Feb 07, 2023, Tue, 23:00"
178,santa ana,3.166,-52.334,21.94,100,99,0.64,GF,"Feb 07, 2023, Tue, 23:00"
179,mabaruma,35.8509,71.7902,3.38,48,26,2.84,PK,"Feb 07, 2023, Tue, 23:00"
180,saldanha,-29.9855,-50.1316,23.14,85,5,5.57,BR,"Feb 07, 2023, Tue, 23:00"
181,antofagasta,-35.7072,150.1783,21.77,77,100,0.65,AU,"Feb 07, 2023, Tue, 23:00"
182,tumannyy,50.2299,136.9015,-17.77,77,97,2.15,RU,"Feb 07, 2023, Tue, 23:00"
183,port hedland,6.8137,-58.1624,24.16,91,40,2.5,GY,"Feb 07, 2023, Tue, 23:00"
184,zlitan,-28.6483,153.6178,27.75,57,82,4.85,AU,"Feb 07, 2023, Tue, 23:00"
185,camopi,26.5383,-77.061,21.98,63,2,7.62,BS,"Feb 07, 2023, Tue, 23:00"
186,chitral,-1.2017,-46.0206,23.57,94,100,1.75,BR,"Feb 07, 2023, Tue, 23:00"
187,tramandai,51.3347,121.8112,-15.74,68,62,4.44,CN,"Feb 07, 2023, Tue, 23:00"
188,batemans bay,16.9875,-99.2589,19.57,76,1,1.6,MX,"Feb 07, 2023, Tue, 23:00"
189,amursk,71.039,27.8518,-1.03,69,0,12.35,NO,"Feb 07, 2023, Tue, 23:00"
190,georgetown,-20.3297,-40.2925,25.53,91,40,0.0,BR,"Feb 07, 2023, Tue, 23:00"
191,byron bay,24.4538,54.3774,24.42,76,72,1.54,AE,"Feb 07, 2023, Tue, 23:00"
192,marsh harbour,68.8929,-179.4131,-30.51,95,99,4.25,RU,"Feb 07, 2023, Tue, 23:00"
193,carutapera,-28.4689,-65.7791,29.95,44,89,0.89,AR,"Feb 07, 2023, Tue, 23:00"
194,genhe,18.2146,-63.0518,25.0,75,0,8.92,AI,"Feb 07, 2023, Tue, 23:00"
195,tecoanapa,41.912,110.2838,-2.78,34,100,1.52,CN,"Feb 07, 2023, Tue, 23:00"
196,mehamn,4.8654,-2.2422,25.09,88,99,2.0,GH,"Feb 07, 2023, Tue, 23:00"
197,vila velha,34.6392,-120.4579,11.07,87,20,4.02,US,"Feb 07, 2023, Tue, 23:00"
198,abu dhabi,37.0439,-93.3099,5.57,90,100,0.45,US,"Feb 07, 2023, Tue, 23:00"
199,mys shmidta,47.6577,-52.727,-1.16,86,75,10.29,CA,"Feb 07, 2023, Tue, 23:00"
200,catamarca,4.1482,96.1339,29.73,62,71,2.25,ID,"Feb 07, 2023, Tue, 23:00"
201,the valley,10.5655,72.6351,26.91,71,95,5.72,IN,"Feb 07, 2023, Tue, 23:00"
202,darhan,39.6526,-78.7624,10.71,75,75,1.54,US,"Feb 07, 2023, Tue, 23:00"
203,axim,12.35,29.25,16.18,20,5,8.94,SD,"Feb 07, 2023, Tue, 23:00"
204,lompoc,-35.3393,143.5592,32.71,15,0,3.98,AU,"Feb 07, 2023, Tue, 23:00"
205,nixa,31.1354,-81.3895,15.02,70,0,1.54,US,"Feb 07, 2023, Tue, 23:00"
206,torbay,66.3227,-179.1201,-26.91,88,91,3.82,RU,"Feb 07, 2023, Tue, 23:00"
207,meulaboh,69.494,88.3908,-23.57,97,97,3.43,RU,"Feb 07, 2023, Tue, 23:00"
208,kavaratti,-29.9532,-71.338,17.93,88,100,1.03,CL,"Feb 07, 2023, Tue, 23:00"
209,cumberland,9.4953,50.8128,25.99,66,97,4.99,SO,"Feb 07, 2023, Tue, 23:00"
210,abu zabad,44.3775,-64.3155,-4.16,80,59,1.54,CA,"Feb 07, 2023, Tue, 23:00"
211,swan hill,7.4132,81.8269,27.86,72,86,5.02,LK,"Feb 07, 2023, Tue, 23:00"
212,saint simons,67.6549,134.6351,-43.93,97,55,0.96,RU,"Feb 07, 2023, Tue, 23:00"
213,egvekinot,65.5838,-171.0058,-26.19,92,98,1.48,RU,"Feb 07, 2023, Tue, 23:00"
214,talnakh,17.6606,-98.8978,16.76,83,6,2.52,MX,"Feb 07, 2023, Tue, 23:00"
215,coquimbo,43.7431,-81.7111,1.95,80,90,3.6,CA,"Feb 07, 2023, Tue, 23:00"
216,bandarbeyla,43.3486,-4.0544,8.3,88,8,3.54,ES,"Feb 07, 2023, Tue, 23:00"
217,lunenburg,27.7253,-82.7412,19.6,72,0,6.17,US,"Feb 07, 2023, Tue, 23:00"
218,kalmunai,59.8445,10.6912,1.35,98,99,1.11,NO,"Feb 07, 2023, Tue, 23:00"
219,batagay,44.6205,4.3902,-0.31,87,7,1.59,FR,"Feb 07, 2023, Tue, 23:00"
220,lavrentiya,-0.7149,8.7797,24.99,94,40,2.57,GA,"Feb 07, 2023, Tue, 23:00"
221,pochutla,37.3495,-108.5841,-3.32,73,0,3.6,US,"Feb 07, 2023, Tue, 23:00"
222,goderich,70.6194,147.9024,-35.95,98,100,1.83,RU,"Feb 07, 2023, Tue, 23:00"
223,torrelavega,27.8734,-0.2875,6.12,49,0,3.09,DZ,"Feb 07, 2023, Tue, 23:00"
224,saint pete beach,45.229,147.8752,-4.26,58,85,2.37,RU,"Feb 07, 2023, Tue, 23:00"
225,hellvik,-37.61,-73.6559,14.29,92,0,7.09,CL,"Feb 07, 2023, Tue, 23:00"
226,aubenas,38.8953,-98.8598,1.07,75,0,1.54,US,"Feb 07, 2023, Tue, 23:00"
227,port-gentil,35.753,140.8201,12.38,62,100,5.99,JP,"Feb 07, 2023, Tue, 23:00"
228,cortez,2.9205,172.9189,27.35,81,96,9.99,KI,"Feb 07, 2023, Tue, 23:00"
229,chokurdakh,-10.4318,-62.4788,22.38,97,97,0.33,BR,"Feb 07, 2023, Tue, 23:00"
230,adrar,65.0087,53.9083,-1.28,93,100,4.27,RU,"Feb 07, 2023, Tue, 23:00"
231,kurilsk,14.2937,-91.9118,24.92,72,4,1.22,GT,"Feb 07, 2023, Tue, 23:00"
232,lebu,64.5011,-165.4064,-23.83,84,0,1.54,US,"Feb 07, 2023, Tue, 23:00"
233,russell,5.5325,-58.2573,20.92,99,65,1.0,GY,"Feb 07, 2023, Tue, 23:00"
234,asekeyevo,-20.8033,165.1562,25.78,84,97,1.84,NC,"Feb 07, 2023, Tue, 23:00"
235,hasaki,71.965,114.0939,-33.19,99,100,1.23,RU,"Feb 07, 2023, Tue, 23:00"
236,butaritari,61.9849,5.1378,7.22,70,95,15.38,NO,"Feb 07, 2023, Tue, 23:00"
237,jaru,50.211,-66.3791,-4.76,83,100,4.63,CA,"Feb 07, 2023, Tue, 23:00"
238,izhma,11.18,119.3905,27.63,72,96,6.68,PH,"Feb 07, 2023, Tue, 23:00"
239,champerico,15.8693,-97.0726,23.77,66,1,2.14,MX,"Feb 07, 2023, Tue, 23:00"
240,nome,36.5399,61.1564,15.08,41,75,4.12,IR,"Feb 07, 2023, Tue, 23:00"
241,ituni,-14.7341,134.7323,37.03,32,74,2.92,AU,"Feb 07, 2023, Tue, 23:00"
242,touho,38.9365,100.4556,1.41,41,100,1.51,CN,"Feb 07, 2023, Tue, 23:00"
243,saskylakh,11.2135,8.3926,15.69,29,61,3.16,NG,"Feb 07, 2023, Tue, 23:00"
244,raudeberg,27.2021,117.4768,10.87,97,100,0.86,CN,"Feb 07, 2023, Tue, 23:00"
245,sept-iles,14.8953,-24.4969,20.08,69,32,4.59,CV,"Feb 07, 2023, Tue, 23:00"
246,bacuit,37.7172,-25.4335,12.23,80,85,5.49,PT,"Feb 07, 2023, Tue, 23:00"
247,puerto escondido,69.6516,18.9558,4.95,56,75,11.83,NO,"Feb 07, 2023, Tue, 23:00"
248,sarakhs,42.8174,93.5142,2.17,74,99,0.85,CN,"Feb 07, 2023, Tue, 23:00"
249,ngukurr,54.362,83.317,-15.58,93,98,2.4,RU,"Feb 07, 2023, Tue, 23:00"
250,chistogorskiy,21.297,-100.5163,12.35,43,9,1.09,MX,"Feb 07, 2023, Tue, 23:00"
251,zhangye,37.3906,136.8994,5.36,93,75,2.57,JP,"Feb 07, 2023, Tue, 23:00"
252,bereda,31.6835,103.8502,8.46,76,87,2.23,CN,"Feb 07, 2023, Tue, 23:00"
253,shaowu,64.2533,-15.208,-0.89,61,100,7.31,IS,"Feb 07, 2023, Tue, 23:00"
254,sao filipe,-16.7818,-151.4708,25.88,70,21,4.68,PF,"Feb 07, 2023, Tue, 23:00"
255,vila franca do campo,-13.2726,-50.1627,22.08,91,82,0.98,BR,"Feb 07, 2023, Tue, 23:00"
256,tromso,48.0006,91.6452,-13.4,73,99,1.98,MN,"Feb 07, 2023, Tue, 23:00"
257,hami,-22.9543,14.5075,19.53,82,100,2.06,NA,"Feb 07, 2023, Tue, 23:00"
258,dorogino,32.6811,-17.1041,15.23,70,35,2.89,PT,"Feb 07, 2023, Tue, 23:00"
259,san luis de la paz,22.9333,97.75,25.44,22,0,1.45,MM,"Feb 07, 2023, Tue, 23:00"
260,wajima,59.4274,62.3525,-16.61,93,100,3.17,RU,"Feb 07, 2023, Tue, 23:00"
261,mao,59.4729,33.849,-4.08,90,100,4.54,RU,"Feb 07, 2023, Tue, 23:00"
262,hofn,41.1369,-77.4472,7.73,96,100,2.32,US,"Feb 07, 2023, Tue, 23:00"
263,tevaitoa,40.4302,-3.6666,3.45,80,75,2.68,ES,"Feb 07, 2023, Tue, 23:00"
264,sao miguel do araguaia,-34.012,24.7433,18.33,66,99,2.3,ZA,"Feb 07, 2023, Tue, 23:00"
265,rantepao,-19.5411,169.2811,26.57,94,100,1.03,VU,"Feb 07, 2023, Tue, 23:00"
266,hovd,5.978,116.0729,28.98,74,20,2.06,MY,"Feb 07, 2023, Tue, 23:00"
267,walvis bay,31.8283,-102.4872,6.02,61,100,5.66,US,"Feb 07, 2023, Tue, 23:00"
268,ponta do sol,-0.9248,100.3633,30.02,62,20,2.57,ID,"Feb 07, 2023, Tue, 23:00"
269,lashio,53.881,67.4159,-19.23,98,80,2.55,KZ,"Feb 07, 2023, Tue, 23:00"
270,gari,28.4993,-13.8599,11.97,76,0,1.54,ES,"Feb 07, 2023, Tue, 23:00"
271,boksitogorsk,52.6155,38.9758,-15.81,97,56,2.03,RU,"Feb 07, 2023, Tue, 23:00"
272,lock haven,67.4555,153.7071,-33.25,98,100,2.65,RU,"Feb 07, 2023, Tue, 23:00"
273,goya,36.7152,15.0915,8.8,61,100,8.68,IT,"Feb 07, 2023, Tue, 23:00"
274,kruisfontein,59.7035,30.7861,-1.06,89,100,3.69,RU,"Feb 07, 2023, Tue, 23:00"
275,isangel,58.3828,97.4616,-7.38,90,100,2.74,RU,"Feb 07, 2023, Tue, 23:00"
276,kota kinabalu,71.6366,128.8685,-38.98,98,83,2.82,RU,"Feb 07, 2023, Tue, 23:00"
277,west odessa,71.4404,136.1306,-44.26,100,62,1.85,RU,"Feb 07, 2023, Tue, 23:00"
278,padang,22.2471,68.9742,24.94,45,20,4.5,IN,"Feb 07, 2023, Tue, 23:00"
279,bilopillya,-35.3318,-72.4119,16.29,60,0,3.26,CL,"Feb 07, 2023, Tue, 23:00"
280,sergeyevka,-3.6642,152.4407,29.41,68,90,4.54,PG,"Feb 07, 2023, Tue, 23:00"
281,puerto del rosario,69.3218,16.1247,5.03,70,20,16.46,NO,"Feb 07, 2023, Tue, 23:00"
282,donskoye,66.1576,-23.2507,-4.15,59,100,7.51,IS,"Feb 07, 2023, Tue, 23:00"
283,srednekolymsk,35.0745,116.3142,11.95,45,100,4.93,CN,"Feb 07, 2023, Tue, 23:00"
284,pachino,-26.65,15.1573,19.29,76,20,7.4,NA,"Feb 07, 2023, Tue, 23:00"
285,nikolskoye,12.35,32.1833,19.53,20,2,8.18,SD,"Feb 07, 2023, Tue, 23:00"
286,saleaula,26.7676,31.4956,9.67,52,97,1.85,EG,"Feb 07, 2023, Tue, 23:00"
287,boguchany,44.3017,86.0776,-5.04,90,81,2.07,CN,"Feb 07, 2023, Tue, 23:00"
288,bambanglipuro,-27.1452,-109.4306,23.42,83,20,1.03,CL,"Feb 07, 2023, Tue, 23:00"
289,tiksi,-24.0196,21.8684,20.22,79,98,2.81,BW,"Feb 07, 2023, Tue, 23:00"
290,nizhneyansk,37.6358,12.7443,5.47,79,100,5.7,IT,"Feb 07, 2023, Tue, 23:00"
291,dwarka,-20.729,139.4932,31.92,51,100,7.72,AU,"Feb 07, 2023, Tue, 23:00"
292,constitucion,27.7518,112.5256,9.33,92,100,0.69,CN,"Feb 07, 2023, Tue, 23:00"
293,namatanai,1.3296,172.9778,29.01,65,20,7.72,KI,"Feb 07, 2023, Tue, 23:00"
294,andenes,-1.7507,41.1721,29.08,59,38,3.14,KE,"Feb 07, 2023, Tue, 23:00"
295,bolungarvik,57.0652,93.4391,-6.83,89,100,3.75,RU,"Feb 07, 2023, Tue, 23:00"
296,jinxiang,30.755,20.2233,9.76,69,100,3.36,LY,"Feb 07, 2023, Tue, 23:00"
297,luderitz,33.8218,72.6874,16.11,30,96,2.36,PK,"Feb 07, 2023, Tue, 23:00"
298,marabba,39.3643,-74.4229,6.11,88,100,1.54,US,"Feb 07, 2023, Tue, 23:00"
299,tahta,-14.8775,47.9872,27.21,79,72,1.04,MG,"Feb 07, 2023, Tue, 23:00"
300,shihezi,-15.1951,12.1458,21.1,75,95,2.4,AO,"Feb 07, 2023, Tue, 23:00"
301,tautira,13.2129,-59.5227,24.22,88,75,9.26,BB,"Feb 07, 2023, Tue, 23:00"
302,tshane,-37.9977,-57.5483,23.35,97,100,8.49,AR,"Feb 07, 2023, Tue, 23:00"
303,campobello di mazara,40.6781,8.6173,1.25,93,16,3.53,IT,"Feb 07, 2023, Tue, 23:00"
304,mount isa,58.2889,43.8864,-9.25,94,100,3.73,RU,"Feb 07, 2023, Tue, 23:00"
305,xiangxiang,8.8882,2.5961,23.08,80,57,1.4,BJ,"Feb 07, 2023, Tue, 23:00"
306,bairiki,46.1882,-123.832,8.25,82,20,3.09,US,"Feb 07, 2023, Tue, 23:00"
307,mangai,-12.1804,136.776,29.08,79,40,4.12,AU,"Feb 07, 2023, Tue, 23:00"
308,predivinsk,47.8211,7.1534,-4.11,58,0,2.57,FR,"Feb 07, 2023, Tue, 23:00"
309,ajdabiya,3.4298,14.5646,17.56,36,55,1.45,CM,"Feb 07, 2023, Tue, 23:00"
310,hasan abdal,30.9202,-93.9966,18.81,100,99,3.09,US,"Feb 07, 2023, Tue, 23:00"
311,atlantic city,4.9371,-52.3258,25.01,94,75,0.0,GF,"Feb 07, 2023, Tue, 23:00"
312,antsohihy,41.7117,82.9583,1.83,53,0,0.66,CN,"Feb 07, 2023, Tue, 23:00"
313,namibe,6.6167,-5.9089,23.19,90,99,1.41,CI,"Feb 07, 2023, Tue, 23:00"
314,bathsheba,-34.9087,-54.9583,21.91,83,0,3.6,UY,"Feb 07, 2023, Tue, 23:00"
315,mar del plata,9.0005,-71.9259,22.99,86,30,2.19,VE,"Feb 07, 2023, Tue, 23:00"
316,muros,69.4061,86.1751,-22.97,100,95,3.01,RU,"Feb 07, 2023, Tue, 23:00"
317,ilinsko-podomskoye,59.6441,-151.5401,-5.23,74,75,7.72,US,"Feb 07, 2023, Tue, 23:00"
318,neya,-15.6178,-46.4233,21.11,72,44,0.39,BR,"Feb 07, 2023, Tue, 23:00"
319,tchaourou,59.6051,60.5733,-12.08,87,86,2.47,RU,"Feb 07, 2023, Tue, 23:00"
320,beringovskiy,2.0349,45.3419,25.92,83,31,6.17,SO,"Feb 07, 2023, Tue, 23:00"
321,astoria,18.3983,76.5621,28.62,21,61,4.14,IN,"Feb 07, 2023, Tue, 23:00"
322,nhulunbuy,33.2721,35.1964,7.29,66,62,9.2,LB,"Feb 07, 2023, Tue, 23:00"
323,steinbach,51.3878,1.382,4.16,67,37,2.47,GB,"Feb 07, 2023, Tue, 23:00"
324,ouesso,6.0687,-8.1343,21.94,99,91,1.17,LR,"Feb 07, 2023, Tue, 23:00"
325,jasper,21.5465,-77.2635,24.02,76,30,6.64,CU,"Feb 07, 2023, Tue, 23:00"
326,cayenne,17.0175,54.1011,24.04,64,0,2.57,OM,"Feb 07, 2023, Tue, 23:00"
327,kuche,30.381,67.7262,7.7,29,24,2.49,PK,"Feb 07, 2023, Tue, 23:00"
328,sinfra,-3.7923,102.2624,29.89,57,82,5.14,ID,"Feb 07, 2023, Tue, 23:00"
329,maldonado,-12.5939,-69.1867,21.53,99,77,0.9,PE,"Feb 07, 2023, Tue, 23:00"
330,san carlos del zulia,39.8221,109.9577,-1.01,36,100,4.16,CN,"Feb 07, 2023, Tue, 23:00"
331,dudinka,19.7381,110.0044,29.09,53,66,6.43,CN,"Feb 07, 2023, Tue, 23:00"
332,homer,37.4699,-105.8696,-12.01,48,0,0.0,US,"Feb 07, 2023, Tue, 23:00"
333,buritis,16.1906,43.6389,14.27,75,20,1.18,YE,"Feb 07, 2023, Tue, 23:00"
334,serov,43.4392,-1.5899,2.46,97,0,2.57,FR,"Feb 07, 2023, Tue, 23:00"
335,mogadishu,41.2493,-77.0028,3.46,94,0,1.79,US,"Feb 07, 2023, Tue, 23:00"
336,lata,42.8183,-1.644,0.54,93,20,0.89,ES,"Feb 07, 2023, Tue, 23:00"
337,sur,41.1415,-73.3579,4.9,87,75,4.12,US,"Feb 07, 2023, Tue, 23:00"
338,margate,40.8325,-115.7632,-4.04,75,75,2.06,US,"Feb 07, 2023, Tue, 23:00"
339,zwedru,54.6207,43.876,-16.53,100,100,2.1,RU,"Feb 07, 2023, Tue, 23:00"
340,nuevitas,41.3157,-70.009,3.02,91,100,6.17,US,"Feb 07, 2023, Tue, 23:00"
341,salalah,35.4799,-79.1803,11.12,65,0,0.0,US,"Feb 07, 2023, Tue, 23:00"
342,ziarat,13.7787,124.3912,27.11,76,96,6.32,PH,"Feb 07, 2023, Tue, 23:00"
343,bengkulu,-35.1664,173.1562,20.8,69,34,3.16,NZ,"Feb 07, 2023, Tue, 23:00"
344,puerto maldonado,20.5592,-76.9165,22.12,84,0,4.37,CU,"Feb 07, 2023, Tue, 23:00"
345,dongsheng,-30.7428,30.4506,23.75,82,100,7.63,ZA,"Feb 07, 2023, Tue, 23:00"
346,chengmai,23.3313,121.3215,22.28,87,60,2.84,TW,"Feb 07, 2023, Tue, 23:00"
347,alamosa,21.4608,-71.14,25.48,73,1,10.32,TC,"Feb 07, 2023, Tue, 23:00"
348,dabat,25.914,-97.4891,23.38,97,100,5.66,US,"Feb 07, 2023, Tue, 23:00"
349,bidar,37.1326,-8.4551,10.93,85,27,3.3,PT,"Feb 07, 2023, Tue, 23:00"
350,williamsport,38.4139,112.7305,3.19,40,100,1.05,CN,"Feb 07, 2023, Tue, 23:00"
351,pamplona,6.9953,35.5869,25.11,28,6,0.42,ET,"Feb 07, 2023, Tue, 23:00"
352,westport,61.5996,-149.1111,-0.79,88,100,0.45,US,"Feb 07, 2023, Tue, 23:00"
353,elko,38.3678,-0.8961,7.52,79,97,2.75,ES,"Feb 07, 2023, Tue, 23:00"
354,yelniki,-10.3842,28.698,18.45,97,100,1.53,ZM,"Feb 07, 2023, Tue, 23:00"
355,nantucket,61.1332,149.6325,-34.85,96,54,1.73,RU,"Feb 07, 2023, Tue, 23:00"
356,sanford,40.5974,-124.156,7.86,95,0,0.0,US,"Feb 07, 2023, Tue, 23:00"
357,gigmoto,-30.1657,-50.2183,23.48,83,4,5.62,BR,"Feb 07, 2023, Tue, 23:00"
358,ahipara,38.895,-77.0365,10.98,68,100,0.89,US,"Feb 07, 2023, Tue, 23:00"
359,rio cauto,16.8033,-92.9054,16.78,72,1,1.51,MX,"Feb 07, 2023, Tue, 23:00"
360,port shepstone,-8.9266,125.4092,20.69,82,84,1.73,TL,"Feb 07, 2023, Tue, 23:00"
361,yuli,64.8378,-147.7167,-15.0,82,100,1.54,US,"Feb 07, 2023, Tue, 23:00"
362,cockburn town,-45.7479,170.5729,15.91,48,57,5.26,NZ,"Feb 07, 2023, Tue, 23:00"
363,brownsville,35.9208,74.314,-0.75,55,23,1.22,PK,"Feb 07, 2023, Tue, 23:00"
364,lagoa,45.908,13.5165,-0.23,61,0,1.03,IT,"Feb 07, 2023, Tue, 23:00"
365,xinzhou,-28.4825,-48.7808,21.39,91,4,2.78,BR,"Feb 07, 2023, Tue, 23:00"
366,mizan teferi,5.5079,5.7571,24.73,88,17,0.65,NG,"Feb 07, 2023, Tue, 23:00"
367,palmer,-13.71,-76.203,22.94,83,0,3.09,PE,"Feb 07, 2023, Tue, 23:00"
368,la romana,78.0654,14.2172,-4.22,93,99,4.09,SJ,"Feb 07, 2023, Tue, 23:00"
369,mwense,32.5867,117.013,12.78,34,98,7.16,CN,"Feb 07, 2023, Tue, 23:00"
370,novyy urengoy,34.1642,77.5848,-11.77,58,37,0.51,IN,"Feb 07, 2023, Tue, 23:00"
371,ust-omchug,12.432,98.5956,30.58,51,2,3.13,MM,"Feb 07, 2023, Tue, 23:00"
372,fortuna,47.39,0.6889,0.32,80,0,1.54,FR,"Feb 07, 2023, Tue, 23:00"
373,promyshlennovskiy,40.6067,115.0722,1.16,31,24,0.63,CN,"Feb 07, 2023, Tue, 23:00"
374,cidreira,60.14,-45.2429,-15.56,73,17,5.96,GL,"Feb 07, 2023, Tue, 23:00"
375,washington,11.5653,41.4386,25.21,52,4,1.38,ET,"Feb 07, 2023, Tue, 23:00"
376,ixtapa,1.3012,124.9109,20.07,97,100,1.26,ID,"Feb 07, 2023, Tue, 23:00"
377,airai,47.4251,15.0066,-11.94,79,17,0.24,AT,"Feb 07, 2023, Tue, 23:00"
378,fairbanks,29.5069,-97.4496,21.11,88,75,4.02,US,"Feb 07, 2023, Tue, 23:00"
379,waitati,54.8408,61.127,-14.5,94,95,1.9,RU,"Feb 07, 2023, Tue, 23:00"
380,gilgit,-25.3185,45.4841,25.53,73,100,2.32,MG,"Feb 07, 2023, Tue, 23:00"
381,fare,9.5256,-6.4838,24.58,59,64,1.55,CI,"Feb 07, 2023, Tue, 23:00"
382,laguna,2.4299,103.8355,28.93,79,40,4.63,MY,"Feb 07, 2023, Tue, 23:00"
383,warri,49.2216,143.1016,-13.34,86,93,1.69,RU,"Feb 07, 2023, Tue, 23:00"
384,pisco,11.2868,51.078,25.43,70,15,2.36,SO,"Feb 07, 2023, Tue, 23:00"
385,barentsburg,29.1403,21.2975,8.8,61,71,2.34,LY,"Feb 07, 2023, Tue, 23:00"
386,huainan,-17.9567,122.224,32.94,66,3,5.14,AU,"Feb 07, 2023, Tue, 23:00"
387,leh,42.9998,141.4437,-1.47,44,75,2.57,JP,"Feb 07, 2023, Tue, 23:00"
388,mergui,47.9016,1.2378,-2.86,66,74,3.37,FR,"Feb 07, 2023, Tue, 23:00"
389,tura,19.8484,-71.6457,23.07,80,0,7.55,DO,"Feb 07, 2023, Tue, 23:00"
390,xuanhua,22.1899,113.538,23.23,82,40,3.6,MO,"Feb 07, 2023, Tue, 23:00"
391,nanortalik,65.0221,35.7104,-4.38,96,66,4.81,RU,"Feb 07, 2023, Tue, 23:00"
392,asayita,-9.0118,-35.2225,24.2,76,97,2.17,BR,"Feb 07, 2023, Tue, 23:00"
393,tondano,-17.2222,-46.8747,20.04,89,67,0.75,BR,"Feb 07, 2023, Tue, 23:00"
394,trofaiach,-15.3863,35.3268,21.01,86,82,1.26,MW,"Feb 07, 2023, Tue, 23:00"
395,gonzales,9.1619,117.827,28.89,64,99,2.83,PH,"Feb 07, 2023, Tue, 23:00"
396,deputatskiy,43.8235,-111.787,-6.02,86,100,0.0,US,"Feb 07, 2023, Tue, 23:00"
397,tsihombe,-24.4694,-55.6945,21.88,73,91,0.96,PY,"Feb 07, 2023, Tue, 23:00"
398,boundiali,58.3019,-134.4197,1.23,100,75,2.06,US,"Feb 07, 2023, Tue, 23:00"
399,mersing,39.4855,9.0655,8.51,93,40,0.51,IT,"Feb 07, 2023, Tue, 23:00"
400,poronaysk,66.0433,-17.341,-4.87,76,91,6.87,IS,"Feb 07, 2023, Tue, 23:00"
401,bargal,24.3383,124.1578,22.13,78,75,6.69,JP,"Feb 07, 2023, Tue, 23:00"
402,awjilah,19.939,-72.8308,24.24,80,1,9.41,HT,"Feb 07, 2023, Tue, 23:00"
403,broome,-7.4769,178.6808,28.13,76,71,8.24,TV,"Feb 07, 2023, Tue, 23:00"
404,kieta,39.3566,-9.3813,7.78,85,6,6.4,PT,"Feb 07, 2023, Tue, 23:00"
405,moree,28.2095,83.9914,21.41,34,29,2.9,NP,"Feb 07, 2023, Tue, 23:00"
406,monte cristi,13.909,-60.9779,23.64,85,40,9.26,LC,"Feb 07, 2023, Tue, 23:00"
407,macau,59.3744,28.5982,-1.96,91,100,4.03,RU,"Feb 07, 2023, Tue, 23:00"
408,solovetskiy,70.799,29.1505,-3.33,69,20,14.4,NO,"Feb 07, 2023, Tue, 23:00"
409,maragogi,-18.1416,178.4422,27.71,78,75,0.0,FJ,"Feb 07, 2023, Tue, 23:00"
410,paracatu,33.8084,104.3248,3.15,75,96,2.02,CN,"Feb 07, 2023, Tue, 23:00"
411,zomba,36.1673,-115.1485,11.32,35,0,2.06,US,"Feb 07, 2023, Tue, 23:00"
412,tagusao,-0.3602,42.5409,26.85,72,7,7.6,SO,"Feb 07, 2023, Tue, 23:00"
413,rexburg,-7.96,110.2407,26.6,81,100,2.25,ID,"Feb 07, 2023, Tue, 23:00"
414,curuguaty,54.8464,50.8055,-16.72,100,100,1.71,RU,"Feb 07, 2023, Tue, 23:00"
415,juneau,35.5401,133.2345,10.97,62,75,3.6,JP,"Feb 07, 2023, Tue, 23:00"
416,pimentel,24.9264,125.2411,22.25,73,75,6.17,JP,"Feb 07, 2023, Tue, 23:00"
417,husavik,45.362,36.3662,-1.16,75,100,13.44,UA,"Feb 07, 2023, Tue, 23:00"
418,ishigaki,-22.4514,-151.3422,26.03,80,41,5.8,PF,"Feb 07, 2023, Tue, 23:00"
419,port-de-paix,-15.6282,-63.0841,21.69,99,99,0.85,BO,"Feb 07, 2023, Tue, 23:00"
420,vaitupu,42.1207,26.6209,-1.82,79,46,0.89,BG,"Feb 07, 2023, Tue, 23:00"
421,peniche,-38.5545,-58.7393,21.76,76,10,6.19,AR,"Feb 07, 2023, Tue, 23:00"
422,pokhara,50.3127,87.6028,-6.67,73,100,1.78,RU,"Feb 07, 2023, Tue, 23:00"
423,santa lucia,-53.7857,-67.7016,11.02,93,0,5.66,AR,"Feb 07, 2023, Tue, 23:00"
424,kingisepp,63.8442,-22.4317,-4.1,80,75,13.38,IS,"Feb 07, 2023, Tue, 23:00"
425,berlevag,62.2245,49.9924,-4.66,95,100,3.69,RU,"Feb 07, 2023, Tue, 23:00"
426,sabha,30.762,36.6802,4.16,76,12,7.82,JO,"Feb 07, 2023, Tue, 23:00"
427,yatou,62.3176,27.8681,0.12,98,100,1.71,FI,"Feb 07, 2023, Tue, 23:00"
428,las vegas,62.0983,126.6998,-32.0,94,100,0.83,RU,"Feb 07, 2023, Tue, 23:00"
429,kismayo,35.0081,25.7391,6.74,70,29,8.05,GR,"Feb 07, 2023, Tue, 23:00"
430,srandakan,9.5645,-66.3205,22.39,82,40,4.09,VE,"Feb 07, 2023, Tue, 23:00"
431,aksu,52.4482,39.9391,-15.77,96,50,2.13,RU,"Feb 07, 2023, Tue, 23:00"
432,sakaiminato,12.489,-16.5433,20.0,40,49,3.16,SN,"Feb 07, 2023, Tue, 23:00"
433,hirara,-23.9931,-46.2564,24.38,26,38,0.46,BR,"Feb 07, 2023, Tue, 23:00"
434,oktyabrskoye,49.0918,1.4887,2.0,60,48,2.72,FR,"Feb 07, 2023, Tue, 23:00"
435,chagda,55.1005,-105.29,-2.9,50,0,3.09,CA,"Feb 07, 2023, Tue, 23:00"
436,moerai,16.4764,81.8391,30.97,41,100,0.96,IN,"Feb 07, 2023, Tue, 23:00"
437,urubicha,28.4013,36.567,6.03,45,0,4.63,SA,"Feb 07, 2023, Tue, 23:00"
438,elhovo,-31.4184,-64.4937,24.74,10,0,0.89,AR,"Feb 07, 2023, Tue, 23:00"
439,necochea,-15.2155,-75.083,18.69,86,46,4.1,PE,"Feb 07, 2023, Tue, 23:00"
440,aktash,51.8398,112.7636,-11.16,72,81,1.31,RU,"Feb 07, 2023, Tue, 23:00"
441,grindavik,37.0301,-76.3452,12.21,64,75,6.17,US,"Feb 07, 2023, Tue, 23:00"
442,aykino,3.3416,117.5986,27.57,78,75,1.54,ID,"Feb 07, 2023, Tue, 23:00"
443,bayir,43.0818,0.9505,2.38,81,31,1.11,FR,"Feb 07, 2023, Tue, 23:00"
444,varkaus,61.2163,-149.8949,-1.47,92,100,6.71,US,"Feb 07, 2023, Tue, 23:00"
445,berdigestyakh,29.1246,15.9403,9.48,55,98,7.23,LY,"Feb 07, 2023, Tue, 23:00"
446,ierapetra,47.7964,67.7062,-10.98,85,100,5.0,KZ,"Feb 07, 2023, Tue, 23:00"
447,los negros,46.8792,-102.7896,1.34,75,0,5.66,US,"Feb 07, 2023, Tue, 23:00"
448,svetlaya,60.1024,19.9413,2.94,87,100,3.6,AX,"Feb 07, 2023, Tue, 23:00"
449,oussouye,22.9324,57.5311,24.52,32,39,1.73,OM,"Feb 07, 2023, Tue, 23:00"
450,guaruja,-41.6712,174.0734,18.53,72,48,3.57,NZ,"Feb 07, 2023, Tue, 23:00"
451,vernon,46.9848,26.1121,-12.5,97,98,1.75,RO,"Feb 07, 2023, Tue, 23:00"
452,la ronge,-9.4311,159.9553,28.71,76,100,2.7,SB,"Feb 07, 2023, Tue, 23:00"
453,razole,56.4778,8.7828,4.49,94,76,4.58,DK,"Feb 07, 2023, Tue, 23:00"
454,tabuk,29.3595,113.123,10.99,87,100,1.36,CN,"Feb 07, 2023, Tue, 23:00"
455,villa carlos paz,43.3381,52.8556,2.91,76,98,9.31,KZ,"Feb 07, 2023, Tue, 23:00"
456,marcona,-8.7553,-67.3931,22.53,99,100,0.25,BR,"Feb 07, 2023, Tue, 23:00"
457,yablonovo,-45.8632,-67.4753,17.25,42,0,3.6,AR,"Feb 07, 2023, Tue, 23:00"
458,udachnyy,47.0992,81.6348,-2.46,82,39,0.43,KZ,"Feb 07, 2023, Tue, 23:00"
459,hampton,58.2119,25.9364,-0.55,91,100,4.9,EE,"Feb 07, 2023, Tue, 23:00"
460,tarakan,48.3874,37.7828,-8.18,78,6,6.93,UA,"Feb 07, 2023, Tue, 23:00"
461,mana,14.9163,-23.5095,19.32,63,75,10.29,CV,"Feb 07, 2023, Tue, 23:00"
462,anchorage,31.3017,120.5811,12.13,44,99,5.08,CN,"Feb 07, 2023, Tue, 23:00"
463,hun,-8.4903,140.3956,26.95,87,93,5.6,ID,"Feb 07, 2023, Tue, 23:00"
464,uvelskiy,16.2788,-0.0412,22.09,17,83,3.03,ML,"Feb 07, 2023, Tue, 23:00"
465,zhezkazgan,-12.907,15.2486,16.22,77,100,0.68,AO,"Feb 07, 2023, Tue, 23:00"
466,dickinson,69.2197,-51.0986,-24.84,70,20,3.6,GL,"Feb 07, 2023, Tue, 23:00"
467,maarianhamina,28.5562,112.3498,9.02,90,100,2.62,CN,"Feb 07, 2023, Tue, 23:00"
468,nizwa,55.2811,-114.7718,-8.0,86,100,0.0,CA,"Feb 07, 2023, Tue, 23:00"
469,seddon,-3.2915,17.4601,22.8,86,82,1.19,CD,"Feb 07, 2023, Tue, 23:00"
470,potoci,-27.1542,-48.5424,23.47,82,19,0.69,BR,"Feb 07, 2023, Tue, 23:00"
471,honiara,52.4228,136.4894,-21.29,83,44,2.93,RU,"Feb 07, 2023, Tue, 23:00"
472,vinderup,56.2382,43.4617,-7.1,79,100,4.0,RU,"Feb 07, 2023, Tue, 23:00"
473,yueyang,42.8663,1.374,1.37,76,24,1.77,FR,"Feb 07, 2023, Tue, 23:00"
474,zhanaozen,18.4257,-64.6232,23.99,72,12,8.73,VG,"Feb 07, 2023, Tue, 23:00"
475,boca do acre,65.4175,-52.8968,-17.46,90,100,5.36,GL,"Feb 07, 2023, Tue, 23:00"
476,comodoro rivadavia,-24.7043,-47.5564,22.21,91,61,0.96,BR,"Feb 07, 2023, Tue, 23:00"
477,wahran,-1.9253,18.2864,23.4,81,66,1.88,CD,"Feb 07, 2023, Tue, 23:00"
478,urdzhar,43.2561,-79.8729,3.86,80,100,4.12,CA,"Feb 07, 2023, Tue, 23:00"
479,soe,43.0165,11.9477,-0.61,73,27,1.65,IT,"Feb 07, 2023, Tue, 23:00"
480,petrivka,69.4721,25.5183,-0.74,70,72,9.46,NO,"Feb 07, 2023, Tue, 23:00"
481,praia,30.8419,-116.0648,13.68,49,0,0.58,MX,"Feb 07, 2023, Tue, 23:00"
482,suzhou,33.3703,-112.5838,15.12,38,0,2.17,US,"Feb 07, 2023, Tue, 23:00"
483,merauke,-35.3016,148.2227,29.17,34,16,2.68,AU,"Feb 07, 2023, Tue, 23:00"
484,gao,28.6552,-17.8573,8.78,74,75,3.58,ES,"Feb 07, 2023, Tue, 23:00"
485,longonjo,31.3271,-89.2903,18.24,96,100,3.6,US,"Feb 07, 2023, Tue, 23:00"
486,ilulissat,-22.113,14.2882,17.91,90,55,1.73,NA,"Feb 07, 2023, Tue, 23:00"
487,yiyang,53.1865,158.3837,-7.9,49,40,2.0,RU,"Feb 07, 2023, Tue, 23:00"
488,slave lake,-28.7708,32.0578,23.87,89,55,4.67,ZA,"Feb 07, 2023, Tue, 23:00"
489,basoko,18.9042,-3.5265,17.4,22,2,5.62,ML,"Feb 07, 2023, Tue, 23:00"
490,porto belo,37.5667,126.9783,8.66,27,0,4.63,KR,"Feb 07, 2023, Tue, 23:00"
491,imeni poliny osipenko,41.3625,-92.051,-0.94,83,0,2.09,US,"Feb 07, 2023, Tue, 23:00"
492,dzerzhinsk,-8.4534,118.7277,27.89,84,53,2.74,ID,"Feb 07, 2023, Tue, 23:00"
493,le port,-9.4743,147.16,24.53,94,100,3.09,PG,"Feb 07, 2023, Tue, 23:00"
494,road town,48.4064,-89.2598,-12.94,85,20,1.03,CA,"Feb 07, 2023, Tue, 23:00"
495,maniitsoq,4.3927,113.988,31.06,66,40,3.09,MY,"Feb 07, 2023, Tue, 23:00"
496,iguape,34.8756,-76.9035,13.3,80,0,2.57,US,"Feb 07, 2023, Tue, 23:00"
497,inongo,43.731,7.4248,5.91,54,0,6.17,MC,"Feb 07, 2023, Tue, 23:00"
498,hamilton,-17.5583,-149.3711,25.12,66,3,3.37,PF,"Feb 07, 2023, Tue, 23:00"
499,chiusi,14.352,3.3241,21.42,14,90,4.71,NE,"Feb 07, 2023, Tue, 23:00"
500,karasjok,-13.1944,49.05,26.17,82,97,0.66,MG,"Feb 07, 2023, Tue, 23:00"
501,camalu,62.2266,-6.5853,7.44,87,100,26.4,FO,"Feb 07, 2023, Tue, 23:00"
502,buckeye,37.0163,-7.9352,11.16,87,20,6.17,PT,"Feb 07, 2023, Tue, 23:00"
503,tumut,38.8046,42.7343,-3.56,84,99,0.6,TR,"Feb 07, 2023, Tue, 23:00"
504,la palma,-2.4196,115.254,33.73,46,92,1.85,ID,"Feb 07, 2023, Tue, 23:00"
505,hattiesburg,-6.892,112.9897,27.2,80,99,5.36,ID,"Feb 07, 2023, Tue, 23:00"
506,henties bay,39.9609,-3.9307,4.76,71,99,4.44,ES,"Feb 07, 2023, Tue, 23:00"
507,yelizovo,41.1693,-7.9773,3.83,89,67,3.1,PT,"Feb 07, 2023, Tue, 23:00"
508,richards bay,-12.7822,45.2557,29.04,79,0,4.12,YT,"Feb 07, 2023, Tue, 23:00"
509,araouane,-16.4824,-151.7338,26.6,72,21,5.42,PF,"Feb 07, 2023, Tue, 23:00"
510,sola,21.3469,-158.0858,23.18,72,20,6.17,US,"Feb 07, 2023, Tue, 23:00"
511,harper,2.8197,-60.6733,25.99,73,75,6.17,BR,"Feb 07, 2023, Tue, 23:00"
512,bima,25.9356,49.6683,17.51,47,97,5.82,SA,"Feb 07, 2023, Tue, 23:00"
513,port moresby,11.2785,49.18,24.99,83,40,0.0,SO,"Feb 07, 2023, Tue, 23:00"
514,vitimskiy,29.9871,31.2118,11.42,61,8,2.02,EG,"Feb 07, 2023, Tue, 23:00"
515,thunder bay,17.9209,19.0953,15.58,22,89,8.76,TD,"Feb 07, 2023, Tue, 23:00"
516,miri,49.98,92.0689,-22.23,95,100,1.65,MN,"Feb 07, 2023, Tue, 23:00"
517,havelock,-0.8614,134.0767,26.74,85,100,3.2,ID,"Feb 07, 2023, Tue, 23:00"
518,monaco-ville,10.6498,-71.6444,24.9,75,24,5.39,VE,"Feb 07, 2023, Tue, 23:00"
519,tiarei,60.4291,166.0571,-28.97,91,51,4.34,RU,"Feb 07, 2023, Tue, 23:00"
520,filingue,48.9427,-125.546,4.93,80,63,5.38,CA,"Feb 07, 2023, Tue, 23:00"
521,ambilobe,59.467,18.0658,3.25,92,75,2.57,SE,"Feb 07, 2023, Tue, 23:00"
522,klaksvik,18.6929,12.9187,17.73,25,100,3.63,NE,"Feb 07, 2023, Tue, 23:00"
523,faro,-30.8249,28.9218,15.54,87,100,1.6,ZA,"Feb 07, 2023, Tue, 23:00"
524,adilcevaz,32.8967,13.1778,12.14,68,100,9.41,LY,"Feb 07, 2023, Tue, 23:00"
525,amuntai,57.1773,46.5446,-11.25,93,98,4.63,RU,"Feb 07, 2023, Tue, 23:00"
526,labuhan,25.8521,-97.5018,23.35,97,100,5.66,MX,"Feb 07, 2023, Tue, 23:00"
527,magan,36.7282,-91.8526,6.72,81,100,3.6,US,"Feb 07, 2023, Tue, 23:00"
528,baiao,21.9214,-99.3936,18.26,89,9,0.67,MX,"Feb 07, 2023, Tue, 23:00"
529,dzaoudzi,34.5868,136.5412,10.99,51,17,7.19,JP,"Feb 07, 2023, Tue, 23:00"
530,faanui,66.9372,-53.6665,-24.81,89,89,3.72,GL,"Feb 07, 2023, Tue, 23:00"
531,makakilo city,41.5116,-5.7433,0.88,89,60,6.15,ES,"Feb 07, 2023, Tue, 23:00"
532,boa vista,-38.2366,146.3994,25.7,32,58,3.22,AU,"Feb 07, 2023, Tue, 23:00"
533,buqayq,-40.7907,175.0836,21.04,64,13,3.58,NZ,"Feb 07, 2023, Tue, 23:00"
534,bosaso,38.4014,33.4116,-7.49,83,100,3.23,TR,"Feb 07, 2023, Tue, 23:00"
535,gizo,-18.0392,-41.6752,20.73,97,72,1.63,BR,"Feb 07, 2023, Tue, 23:00"
536,faya,-2.7317,36.6963,23.07,48,48,3.08,TZ,"Feb 07, 2023, Tue, 23:00"
537,ulaangom,47.5759,-53.2833,-1.58,83,100,6.71,CA,"Feb 07, 2023, Tue, 23:00"
538,manokwari,34.6423,50.8801,8.76,42,23,5.49,IR,"Feb 07, 2023, Tue, 23:00"
539,maracaibo,-4.767,11.8732,24.99,94,20,1.03,CG,"Feb 07, 2023, Tue, 23:00"
540,tilichiki,37.9735,-122.5311,12.36,85,0,0.89,US,"Feb 07, 2023, Tue, 23:00"
541,ucluelet,32.1295,131.4934,14.59,53,33,3.4,JP,"Feb 07, 2023, Tue, 23:00"
542,mnogovershinnyy,36.3645,6.6083,5.55,87,40,2.57,DZ,"Feb 07, 2023, Tue, 23:00"
543,taby,30.8943,120.0851,8.8,74,99,2.1,CN,"Feb 07, 2023, Tue, 23:00"
544,bilma,41.2588,-95.8519,2.96,68,0,3.09,US,"Feb 07, 2023, Tue, 23:00"
545,umzimvubu,56.4609,138.1817,-26.3,69,36,2.87,RU,"Feb 07, 2023, Tue, 23:00"
546,tripoli,27.7866,-15.7118,14.22,60,21,2.26,ES,"Feb 07, 2023, Tue, 23:00"
547,sharanga,44.0126,-75.794,3.78,78,100,3.6,US,"Feb 07, 2023, Tue, 23:00"
548,matamoros,0.9093,123.1922,24.59,88,100,1.99,ID,"Feb 07, 2023, Tue, 23:00"
549,west plains,-7.0503,-71.6912,21.37,99,69,0.47,BR,"Feb 07, 2023, Tue, 23:00"
550,tamasopo,60.8849,10.9419,-2.83,99,94,0.82,NO,"Feb 07, 2023, Tue, 23:00"
551,matsusaka,-16.9996,49.8526,26.2,78,98,3.53,MG,"Feb 07, 2023, Tue, 23:00"
552,sisimiut,50.3584,2.0874,-1.62,98,32,2.04,FR,"Feb 07, 2023, Tue, 23:00"
553,meyungs,18.134,82.1211,30.87,20,6,2.93,IN,"Feb 07, 2023, Tue, 23:00"
554,zamora,-19.8155,-174.3541,28.01,74,75,5.14,TO,"Feb 07, 2023, Tue, 23:00"
555,morwell,64.8063,25.9954,-2.11,93,48,2.88,FI,"Feb 07, 2023, Tue, 23:00"
556,te horo,38.9847,1.5344,11.61,87,40,4.12,ES,"Feb 07, 2023, Tue, 23:00"
557,eskil,60.7182,-46.0385,-23.14,66,35,4.12,GL,"Feb 07, 2023, Tue, 23:00"
558,itambacuri,-35.1017,173.7751,24.69,70,31,3.83,NZ,"Feb 07, 2023, Tue, 23:00"
559,longido,49.868,-111.3763,3.58,70,95,5.14,CA,"Feb 07, 2023, Tue, 23:00"
560,bay roberts,24.5026,69.551,27.54,23,12,2.75,PK,"Feb 07, 2023, Tue, 23:00"
561,qom,69.4262,30.8199,-1.49,86,46,5.7,RU,"Feb 07, 2023, Tue, 23:00"
562,loandjili,0.2133,173.4323,27.05,80,35,10.79,KI,"Feb 07, 2023, Tue, 23:00"
563,san rafael,50.1195,-5.5352,2.44,72,1,6.16,GB,"Feb 07, 2023, Tue, 23:00"
564,takanabe,61.9946,-49.6659,-14.35,77,92,5.43,GL,"Feb 07, 2023, Tue, 23:00"
565,constantine,54.9418,20.1551,-0.22,82,83,8.21,RU,"Feb 07, 2023, Tue, 23:00"
566,huzhou,53.7554,-8.9044,5.99,88,79,7.59,IE,"Feb 07, 2023, Tue, 23:00"
567,council bluffs,53.3899,-2.5943,4.66,91,20,2.06,GB,"Feb 07, 2023, Tue, 23:00"
568,ayan,-43.2991,-65.1057,18.03,55,1,2.2,AR,"Feb 07, 2023, Tue, 23:00"
569,puerto rico,31.7621,-95.6308,18.96,93,100,0.89,US,"Feb 07, 2023, Tue, 23:00"
570,black river,47.9949,33.4798,-7.03,79,45,6.39,UA,"Feb 07, 2023, Tue, 23:00"
571,mentok,-35.9412,173.8686,20.46,72,18,3.65,NZ,"Feb 07, 2023, Tue, 23:00"
572,ipixuna,-35.9996,146.3906,33.63,32,16,3.8,AU,"Feb 07, 2023, Tue, 23:00"
573,brumunddal,53.02,158.6471,-7.94,84,37,3.61,RU,"Feb 07, 2023, Tue, 23:00"
574,ambodifototra,-37.8247,140.782,21.58,52,10,5.76,AU,"Feb 07, 2023, Tue, 23:00"
575,saint-georges,34.6795,138.9454,11.13,75,63,4.7,JP,"Feb 07, 2023, Tue, 23:00"
576,chitrakonda,-7.0533,110.3359,28.6,74,20,6.69,ID,"Feb 07, 2023, Tue, 23:00"
577,hihifo,65.9957,57.5571,-5.87,96,100,8.15,RU,"Feb 07, 2023, Tue, 23:00"
578,muhos,70.9963,24.661,1.13,65,63,11.18,NO,"Feb 07, 2023, Tue, 23:00"
579,santa eulalia del rio,25.3833,97.4,26.99,25,0,1.82,MM,"Feb 07, 2023, Tue, 23:00"
580,qaqortoq,45.1,-87.6307,-0.73,86,0,4.12,US,"Feb 07, 2023, Tue, 23:00"
581,kaeo,46.6786,-73.9177,-2.22,90,100,5.75,CA,"Feb 07, 2023, Tue, 23:00"
582,staryy nadym,-37.8795,147.9944,20.66,64,25,5.72,AU,"Feb 07, 2023, Tue, 23:00"
583,bow island,68.0544,39.5129,-3.0,84,10,8.32,RU,"Feb 07, 2023, Tue, 23:00"
584,diplo,41.49,-71.3138,4.9,78,100,4.47,US,"Feb 07, 2023, Tue, 23:00"
585,zapolyarnyy,65.9516,111.4918,-34.79,98,44,0.85,RU,"Feb 07, 2023, Tue, 23:00"
586,buariki,68.7096,-52.8513,-32.06,99,94,2.1,GL,"Feb 07, 2023, Tue, 23:00"
587,shizunai,39.5387,49.0145,3.07,96,100,2.42,AZ,"Feb 07, 2023, Tue, 23:00"
588,penzance,-34.709,-71.0404,19.46,46,0,0.84,CL,"Feb 07, 2023, Tue, 23:00"
589,paamiut,39.9773,41.6745,-9.45,90,100,0.92,TR,"Feb 07, 2023, Tue, 23:00"
590,svetlogorsk,-4.5797,-81.2718,24.37,81,61,4.39,PE,"Feb 07, 2023, Tue, 23:00"
591,claremorris,-29.6861,-53.8069,19.44,72,0,2.29,BR,"Feb 07, 2023, Tue, 23:00"
592,warrington,58.8062,-122.6943,-12.2,85,0,1.03,CA,"Feb 07, 2023, Tue, 23:00"
593,rawson,-13.2322,30.2371,15.83,98,100,5.23,ZM,"Feb 07, 2023, Tue, 23:00"
594,palestine,40.9724,-117.7348,2.3,59,60,2.14,US,"Feb 07, 2023, Tue, 23:00"
595,imeni telmana,0.5619,12.8526,21.28,94,90,0.61,GA,"Feb 07, 2023, Tue, 23:00"
596,dargaville,68.3092,-53.4615,-28.02,92,94,2.29,GL,"Feb 07, 2023, Tue, 23:00"
597,corowa,9.5388,31.6584,24.1,17,0,5.76,SS,"Feb 07, 2023, Tue, 23:00"
598,petropavlovsk-kamchatskiy,43.6165,122.2602,0.21,26,0,6.26,CN,"Feb 07, 2023, Tue, 23:00"
599,mount gambier,2.6705,72.8906,27.01,71,46,3.49,MV,"Feb 07, 2023, Tue, 23:00"
600,shimoda,45.7626,62.1012,-6.62,82,100,8.98,KZ,"Feb 07, 2023, Tue, 23:00"
601,jatibarang,53.5891,142.9498,-24.24,84,100,5.28,RU,"Feb 07, 2023, Tue, 23:00"
602,usinsk,24.8843,102.8324,16.75,29,0,9.0,CN,"Feb 07, 2023, Tue, 23:00"
603,havoysund,-27.1823,151.2634,31.1,32,46,2.24,AU,"Feb 07, 2023, Tue, 23:00"
604,myitkyina,-27.1823,151.2634,31.1,32,46,2.24,AU,"Feb 07, 2023, Tue, 23:00"
605,marinette,-27.1823,151.2634,31.1,32,46,2.24,AU,"Feb 07, 2023, Tue, 23:00"
606,saint-michel-des-saints,-27.1823,151.2634,31.1,32,46,2.24,AU,"Feb 07, 2023, Tue, 23:00"
607,lakes entrance,-27.1823,151.2634,31.1,32,46,2.24,AU,"Feb 07, 2023, Tue, 23:00"
608,ostrovnoy,-27.1823,151.2634,31.1,32,46,2.24,AU,"Feb 07, 2023, Tue, 23:00"
609,newport,-27.1823,151.2634,31.1,32,46,2.24,AU,"Feb 07, 2023, Tue, 23:00"
610,aykhal,-27.1823,151.2634,31.1,32,46,2.24,AU,"Feb 07, 2023, Tue, 23:00"
611,aasiaat,-27.1823,151.2634,31.1,32,46,2.24,AU,"Feb 07, 2023, Tue, 23:00"
612,xocali,-27.1823,151.2634,31.1,32,46,2.24,AU,"Feb 07, 2023, Tue, 23:00"
613,chimbarongo,-27.1823,151.2634,31.1,32,46,2.24,AU,"Feb 07, 2023, Tue, 23:00"
614,pasinler,-27.1823,151.2634,31.1,32,46,2.24,AU,"Feb 07, 2023, Tue, 23:00"
615,talara,-27.1823,151.2634,31.1,32,46,2.24,AU,"Feb 07, 2023, Tue, 23:00"
616,yar-sale,-27.1823,151.2634,31.1,32,46,2.24,AU,"Feb 07, 2023, Tue, 23:00"
617,santa maria,-27.1823,151.2634,31.1,32,46,2.24,AU,"Feb 07, 2023, Tue, 23:00"
618,fort nelson,-27.1823,151.2634,31.1,32,46,2.24,AU,"Feb 07, 2023, Tue, 23:00"
619,serenje,-27.1823,151.2634,31.1,32,46,2.24,AU,"Feb 07, 2023, Tue, 23:00"
620,winnemucca,-27.1823,151.2634,31.1,32,46,2.24,AU,"Feb 07, 2023, Tue, 23:00"
621,makokou,-27.1823,151.2634,31.1,32,46,2.24,AU,"Feb 07, 2023, Tue, 23:00"
622,kangaatsiaq,-27.1823,151.2634,31.1,32,46,2.24,AU,"Feb 07, 2023, Tue, 23:00"
623,malakal,-27.1823,151.2634,31.1,32,46,2.24,AU,"Feb 07, 2023, Tue, 23:00"
624,tongliao,-27.1823,151.2634,31.1,32,46,2.24,AU,"Feb 07, 2023, Tue, 23:00"
625,skalistyy,-27.1823,151.2634,31.1,32,46,2.24,AU,"Feb 07, 2023, Tue, 23:00"
626,kudahuvadhoo,-27.1823,151.2634,31.1,32,46,2.24,AU,"Feb 07, 2023, Tue, 23:00"
627,bardiyah,-27.1823,151.2634,31.1,32,46,2.24,AU,"Feb 07, 2023, Tue, 23:00"
628,kazalinsk,-27.1823,151.2634,31.1,32,46,2.24,AU,"Feb 07, 2023, Tue, 23:00"
629,okha,-27.1823,151.2634,31.1,32,46,2.24,AU,"Feb 07, 2023, Tue, 23:00"
630,kunming,-27.1823,151.2634,31.1,32,46,2.24,AU,"Feb 07, 2023, Tue, 23:00"
631,dalby,-27.1823,151.2634,31.1,32,46,2.24,AU,"Feb 07, 2023, Tue, 23:00"
